"Taxon","Estimated_Spatiotemporal_probability","Number_of_records","Max_probability","Min_probability"
"Acer campestre L.",100,10,91.5,91.3
"Aeluropus littoralis (Gouan) Parl. subsp. littoralis",100,9,83.2,22.4
"Agrostis gigantea Roth subsp. gigantea",100,5,85.7,83.8
"Agrostis stolonifera L. subsp. stolonifera",100,10,91.3,91.3
"Aira caryophyllea L. subsp. caryophyllea",100,10,85.7,23.2
"Ajuga reptans L.",100,10,91.3,91.3
"Alisma plantago-aquatica L.",100,10,85.7,26.2
"Alnus glutinosa (L.) Gaertn.",100,10,91.3,91.3
"Althaea officinalis L.",100,10,85.7,10.6
"Amorpha fruticosa L.",100,9,86.7,10.4
"Anacamptis laxiflora (Lam.) R.M.Bateman, Pridgeon & M.W.Chase",100,6,85.7,2.2
"Anacamptis palustris (Jacq.) R.M.Bateman, Pridgeon & M.W.Chase",100,10,88.1,65.8
"Anthoxanthum odoratum L.",100,9,85.7,2.2
"Arenaria serpyllifolia L. subsp. serpyllifolia",100,6,85.7,25.8
"Aristolochia clematitis L.",100,10,85.3,72
"Aristolochia rotunda L. subsp. rotunda",100,10,91.3,84.5
"Arthrocaulon macrostachyum (Moric.) Piirainen & G.Kadereit",100,7,83.2,8.9
"Arum italicum Mill. subsp. italicum",100,10,91.3,91.3
"Asparagus acutifolius L.",100,10,91.3,85.7
"Asplenium onopteris L.",100,6,91.3,2.7
"Azolla filiculoides Lam.",100,10,88.3,61.6
"Baldellia ranunculoides (L.) Parl.",100,10,86.9,23.2
"Bellardia viscosa (L.) Fisch. & C.A.Mey.",100,5,85.7,66
"Betonica officinalis L.",100,10,91.3,84.7
"Bolboschoenus glaucus (Lam.) S.G.Sm.",100,4,85.7,85.7
"Bolboschoenus maritimus (L.) Palla",100,10,85.4,25.6
"Brachypodium sylvaticum (Huds.) P.Beauv. subsp. sylvaticum",100,10,91.5,91.3
"Calluna vulgaris (L.) Hull",100,6,84.8,25.3
"Carduus pycnocephalus L. subsp. pycnocephalus",100,9,85.7,2.2
"Carex distans L.",100,10,85.7,73.6
"Carex divisa Huds.",100,7,85.7,75
"Carex divulsa Stokes",100,9,91.3,75
"Carex elata All. subsp. elata",100,10,91.3,84.7
"Carex leporina L.",100,4,91.3,85.7
"Carex otrubae Podp.",100,10,91.3,84.2
"Carex pallescens L.",100,5,91.3,84.7
"Carex pendula Huds.",100,10,91.5,91.3
"Carex punctata Gaudin",100,8,91.3,26.2
"Carex remota L.",100,10,91.5,91.3
"Carex riparia Curtis",100,8,91.3,75
"Carex spicata Huds.",100,6,91.3,78.4
"Carex sylvatica Huds. subsp. sylvatica",100,10,91.5,91.3
"Carpinus betulus L.",100,10,91.5,91.3
"Centaurea aplolepa Moretti subsp. subciliata (DC.) Arcang.",100,10,84.6,67.3
"Centaurium erythraea Rafn subsp. erythraea",100,9,85.7,2.2
"Cephalanthera longifolia (L.) Fritsch",100,5,85.7,69.2
"Cerastium glomeratum Thuill.",100,7,85.7,2.2
"Cerastium ligusticum Viv.",100,7,85.7,2.2
"Cerastium semidecandrum L.",100,6,84.8,69.2
"Ceratophyllum demersum L.",100,8,90.9,2.2
"Cerinthe major L. subsp. major",100,6,85.7,2.2
"Chamaeiris foetidissima (L.) Medik.",100,10,91.5,91.3
"Circaea lutetiana L. subsp. lutetiana",100,8,91.5,10.6
"Cistus creticus L. subsp. eriocephalus (Viv.) Greuter & Burdet",100,10,85.2,72
"Cistus salviifolius L.",100,10,86.1,83
"Cladium mariscus (L.) Pohl",100,7,88.5,0.3
"Clematis flammula L.",100,10,91.3,24.4
"Clematis vitalba L.",100,10,91.5,84.7
"Colchicum lusitanum Brot.",100,6,85.7,60.8
"Colchicum neapolitanum (Ten.) Ten. subsp. neapolitanum",100,5,85.7,76.6
"Convolvulus sepium L.",100,10,91.3,2.2
"Convolvulus soldanella L.",100,8,84.6,25.8
"Cornus mas L.",100,10,91.3,91.3
"Crataegus monogyna Jacq.",100,10,91.3,91.3
"Crepis sancta (L.) Bornm. subsp. nemausensis (P.Fourn.) Babc.",100,5,85.7,77.4
"Crepis suffreniana (DC.) Steud.",100,7,85.7,65.8
"Cruciata glabra (L.) C.Bauhin ex Opiz",100,6,91.5,9.7
"Cyclamen hederifolium Aiton subsp. hederifolium",100,6,91.3,2.2
"Cyclamen repandum Sm. subsp. repandum",100,10,91.5,91.3
"Dactylis glomerata L. subsp. glomerata",100,6,85.7,2.2
"Daphne gnidium L.",100,10,85.7,76.4
"Dryopteris filix-mas (L.) Schott",100,4,91.3,85.7
"Epipactis palustris (L.) Crantz",100,10,83.9,66.3
"Equisetum arvense L.",100,10,91.3,2.3
"Equisetum telmateia Ehrh.",100,9,91.3,0.8
"Erica arborea L.",100,9,85.5,0.5
"Erica scoparia L. subsp. scoparia",100,10,85.7,75.3
"Erigeron canadensis L.",100,10,91.3,78.4
"Ervum gracile DC.",100,8,84.4,2.2
"Eryngium maritimum L.",100,6,84.6,23.2
"Euonymus europaeus L.",100,10,91.5,91.3
"Euphorbia paralias L.",100,5,84.6,77.4
"Euphorbia peplis L.",100,6,91.3,23.2
"Festuca bromoides L.",100,5,85.7,64.8
"Ficus carica L.",100,10,91.3,75
"Fragaria vesca L. subsp. vesca",100,4,91.3,74.2
"Frangula alnus Mill. subsp. alnus",100,10,91.3,10.6
"Fraxinus angustifolia Vahl subsp. oxycarpa (Willd.) Franco & Rocha Afonso",100,10,91.5,91.3
"Fraxinus ornus L. subsp. ornus",100,10,91.3,91.3
"Galatella pannonica (Jacq.) Galasso, Bartolucci & Ardenghi subsp. pannonica",100,9,83.2,2.9
"Galium palustre L. subsp. palustre",100,10,91.3,91.3
"Gaudinia fragilis (L.) P.Beauv.",100,6,85.7,2.2
"Geranium molle L.",100,8,91.3,47.5
"Geranium purpureum Vill.",100,8,91.3,75
"Geum urbanum L.",100,6,85.7,65.8
"Glyceria fluitans (L.) R.Br.",100,7,87.4,2.2
"Gratiola officinalis L.",100,10,86.9,23.2
"Hedera helix L. subsp. helix",100,10,91.5,91.3
"Holcus lanatus L. subsp. lanatus",100,10,91.3,85.7
"Hydrocharis morsus-ranae L.",100,7,90.9,26.2
"Hydrocotyle vulgaris L.",100,10,91.3,84.1
"Hypericum androsaemum L.",100,10,91.3,85.7
"Hypericum montanum L.",100,5,91.3,75
"Hypericum perforatum L. subsp. perforatum",100,9,85.7,2.2
"Hypochaeris glabra L.",100,10,85.7,66
"Isoetes histrix Bory",100,10,72.8,67
"Juncus bulbosus L.",100,9,87.2,32.9
"Juncus effusus L. subsp. effusus",100,10,91.3,91.3
"Juncus littoralis C.A.Mey.",100,6,85.7,77.8
"Juncus maritimus Lam.",100,5,85.7,72.6
"Juniperus macrocarpa Sm.",100,10,84.6,71.3
"Lagurus ovatus L. subsp. ovatus",100,9,85.7,64.1
"Laurus nobilis L.",100,8,91.3,2.2
"Lemna minor L.",100,7,90.9,2.2
"Leucojum aestivum L. subsp. aestivum",100,5,91.3,69.2
"Ligustrum vulgare L.",100,10,91.3,91.3
"Lilium bulbiferum L. subsp. croceum (Chaix) Jan",100,5,91.3,69.2
"Limniris pseudacorus (L.) Fuss",100,10,91.3,80.2
"Limodorum abortivum (L.) Sw.",100,6,85.7,25.8
"Limonium narbonense Mill.",100,8,85.7,65.8
"Linum maritimum L. subsp. maritimum",100,7,86.9,23.2
"Lolium perenne L.",100,6,85.7,2.2
"Lonicera caprifolium L.",100,10,91.3,91.3
"Lonicera etrusca Santi",100,5,90.4,69.2
"Lonicera japonica Thunb.",100,9,88.5,1.3
"Luzula campestris (L.) DC. subsp. campestris",100,7,85.7,75
"Luzula forsteri (Sm.) DC.",100,10,91.3,91.3
"Lychnis flos-cuculi L. subsp. flos-cuculi",100,10,91.3,84.7
"Lycopus europaeus L.",100,10,91.3,72.1
"Lysimachia arvensis (L.) U.Manns & Anderb. subsp. arvensis",100,10,85.7,17.8
"Lysimachia nummularia L.",100,10,91.3,85.7
"Lysimachia vulgaris L.",100,10,91.3,76.4
"Lythrum salicaria L.",100,10,91.3,85.7
"Malus sylvestris (L.) Mill.",100,8,91.3,70.9
"Melica uniflora Retz.",100,10,91.3,89.9
"Mentha aquatica L. subsp. aquatica",100,10,91.3,84.7
"Moehringia trinervia (L.) Clairv.",100,10,91.5,91.3
"Monotropa hypopitys L.",100,6,85.1,57.8
"Muscari comosum (L.) Mill.",100,6,85.7,2.2
"Myosotis discolor Pers. subsp. discolor",100,6,85.7,66.8
"Myosotis scorpioides L. subsp. scorpioides",100,7,86.1,2.2
"Myosotis sylvatica Hoffm. subsp. sylvatica",100,9,91.3,91.3
"Myrtus communis L.",100,10,91.3,91.3
"Oenanthe lachenalii C.C.Gmel.",100,10,91.3,81.2
"Oenanthe pimpinelloides L.",100,5,91.5,31.7
"Oenanthe silaifolia M.Bieb.",100,6,91.3,26.2
"Osmunda regalis L.",100,10,87.2,75.8
"Oxalis corniculata L.",100,10,91.3,78.4
"Periploca graeca L.",100,10,91.3,91.3
"Persicaria lapathifolia (L.) Delarbre subsp. lapathifolia",100,10,91.3,84.1
"Phalaris coerulescens Desf.",100,10,81.4,2.4
"Phalaroides arundinacea (L.) Rauschert subsp. arundinacea",100,10,88.5,2.2
"Phillyrea angustifolia L.",100,10,91.3,84.8
"Phillyrea latifolia L.",100,10,91.3,72.6
"Phragmites australis (Cav.) Trin. ex Steud. subsp. australis",100,10,88.5,23.2
"Phyla nodiflora (L.) Greene",100,8,83.9,10.6
"Phytolacca americana L.",100,8,91.3,26.2
"Pinus pinaster Aiton",100,10,91.3,61.8
"Pinus pinea L.",100,10,91.3,91.3
"Pistacia lentiscus L.",100,10,91.3,13
"Plantago arenaria Waldst. & Kit.",100,7,85.7,23.2
"Plantago lanceolata L.",100,8,85.7,2.2
"Plantago major L.",100,7,91.3,2.2
"Platanthera chlorantha (Custer) Rchb.",100,10,91.3,79.5
"Poa bulbosa L. subsp. bulbosa",100,6,85.7,66.9
"Poa trivialis L.",100,10,91.5,91.3
"Polygonatum odoratum (Mill.) Druce",100,6,91.3,59.1
"Polypodium cambricum L.",100,5,85.7,82.6
"Polypogon maritimus Willd.",100,9,85.7,23.2
"Populus alba L.",100,10,91.3,84.7
"Populus canescens (Aiton) Sm.",100,4,91.3,70.9
"Populus tremula L.",100,5,91.3,53.1
"Potamogeton lucens L.",100,10,90.9,47.5
"Potentilla reptans L.",100,10,91.3,84.7
"Prunella vulgaris L. subsp. vulgaris",100,10,91.3,84.7
"Prunus spinosa L. subsp. spinosa",100,10,91.3,91.3
"Pteridium aquilinum (L.) Kuhn subsp. aquilinum",100,10,91.5,85.7
"Pulicaria dysenterica (L.) Bernh.",100,6,91.3,2.2
"Pyrus communis L.",100,6,91.3,79.6
"Quercus ilex L. subsp. ilex",100,10,91.5,91.3
"Quercus petraea (Matt.) Liebl. subsp. petraea",100,5,88.5,75
"Quercus pubescens Willd. subsp. pubescens",100,4,88.5,84.7
"Quercus robur L. subsp. robur",100,10,91.5,91.3
"Ranunculus flammula L.",100,10,91.3,32.7
"Ranunculus repens L.",100,10,91.3,91.3
"Ranunculus sardous Crantz",100,5,85.7,77.4
"Ranunculus velutinus Ten.",100,7,91.3,51.1
"Rhamnus cathartica L.",100,6,91.3,23.2
"Robinia pseudoacacia L.",100,7,91.1,2.5
"Rosa sempervirens L.",100,10,91.3,75
"Rubia peregrina L.",100,10,91.3,91.3
"Rubus ulmifolius Schott",100,10,91.5,91.3
"Rumex conglomeratus Murray",100,7,85.7,2.2
"Rumex sanguineus L.",100,10,91.5,91.3
"Ruscus aculeatus L.",100,10,91.5,91.3
"Sagina apetala Ard. subsp. apetala",100,5,85.7,75
"Sambucus nigra L.",100,5,91.3,78.4
"Samolus valerandi L.",100,10,91.3,84.1
"Schoenus nigricans L.",100,8,86.9,38
"Scrophularia nodosa L.",100,9,91.5,78.4
"Scutellaria galericulata L.",100,6,91.3,69.2
"Sherardia arvensis L.",100,7,85.7,2.2
"Smilax aspera L.",100,10,91.3,91.3
"Solanum dulcamara L.",100,10,90.9,39.8
"Solidago virgaurea L. subsp. litoralis (Savi) Briq. & Cavill.",100,10,84.6,66.6
"Sonchus asper (L.) Hill subsp. asper",100,9,85.7,77.4
"Spiranthes aestivalis (Poir.) Rich.",100,10,83.8,17.1
"Stellaria media (L.) Vill. subsp. media",100,10,91.3,26.2
"Symphytum tanaicense Steven",100,10,78.8,66.2
"Teucrium capitatum L. subsp. capitatum",100,10,85.7,23.2
"Teucrium chamaedrys L. subsp. chamaedrys",100,10,85.7,2.2
"Thelypteris palustris Schott",100,10,91.3,76.4
"Tordylium apulum L.",100,5,85.7,47.5
"Trifolium campestre Schreb.",100,8,85.7,2.2
"Trifolium nigrescens Viv. subsp. nigrescens",100,8,85.7,2.2
"Tripidium ravennae (L.) H.Scholz subsp. ravennae",100,6,85.7,23.2
"Tuberaria guttata (L.) Fourr.",100,9,85.7,75
"Typha latifolia L.",100,10,88.5,26.2
"Ulex europaeus L. subsp. europaeus",100,8,80.3,0.4
"Ulmus minor Mill. subsp. minor",100,10,91.5,91.3
"Urtica dioica L. subsp. dioica",100,10,91.5,91.3
"Verbascum thapsus L. subsp. thapsus",100,5,85.7,77.4
"Veronica arvensis L.",100,9,85.7,2.2
"Veronica montana L.",100,8,91.5,66
"Veronica officinalis L.",100,10,91.3,79.7
"Veronica persica Poir.",100,8,91.3,1.1
"Veronica serpyllifolia L.",100,10,91.3,82.6
"Vicia pseudocracca Bertol.",100,10,85.7,59.1
"Vincetoxicum hirundinaria Medik. subsp. hirundinaria",100,6,85.7,69.2
"Viola reichenbachiana Jord. ex Boreau",100,10,91.5,91.3
"Vitis vinifera L.",100,10,91.3,76.4
"Adonis annua L.",99.9,10,73.5,12.3
"Alopecurus bulbosus Gouan subsp. bulbosus",99.9,6,83.2,24.9
"Anthriscus caucalis M.Bieb.",99.9,6,84.7,23.2
"Aphanes australis Rydb.",99.9,4,85.7,79.7
"Callitriche stagnalis Scop.",99.9,5,84.7,2.2
"Campanula rapunculus L.",99.9,5,85.7,2.2
"Carex flacca Schreb. subsp. serrulata (Biv.) Greuter",99.9,4,85.7,78.4
"Corynephorus articulatus (Desf.) P.Beauv.",99.9,4,85.7,69.2
"Crassula tillaea Lest.-Garl.",99.9,5,77,65.8
"Cynodon dactylon (L.) Pers.",99.9,7,85.7,2.2
"Dittrichia viscosa (L.) Greuter subsp. viscosa",99.9,7,83.9,2.2
"Dryopteris dilatata (Hoffm.) A.Gray",99.9,4,89.4,75.6
"Eupatorium cannabinum L. subsp. cannabinum",99.9,5,91.3,23.2
"Euphorbia peplus L.",99.9,5,85.7,2.2
"Festuca incurva (Gouan) Gutermann",99.9,4,85.7,69.2
"Fraxinus excelsior L. subsp. excelsior",99.9,4,88.5,69.2
"Galium debile Desv.",99.9,4,91.3,73.5
"Halimione portulacoides (L.) Aellen",99.9,6,73.8,62.9
"Hordeum marinum Huds.",99.9,4,85.7,69.2
"Humulus lupulus L.",99.9,5,85.7,2.2
"Juncus conglomeratus L.",99.9,4,86.1,78.4
"Lemna trisulca L.",99.9,7,90.9,25.8
"Linum usitatissimum L. subsp. angustifolium (Huds.) Thell.",99.9,4,85.7,66
"Lotus corniculatus L. subsp. corniculatus",99.9,5,83.2,17.8
"Lotus maritimus L.",99.9,7,85.7,10.7
"Lysimachia tenella L.",99.9,8,80.2,0.3
"Melissa officinalis L. subsp. officinalis",99.9,4,91.5,2.2
"Myosotis arvensis (L.) Hill subsp. arvensis",99.9,5,84.8,19.8
"Nassella trichotoma (Nees) Hack.",99.9,4,85.7,81.9
"Ononis reclinata L.",99.9,7,79.7,23.3
"Ophrys classica Devillers-Tersch. & Devillers",99.9,5,85.7,2.2
"Pancratium maritimum L.",99.9,6,79.7,41.3
"Plantago coronopus L.",99.9,5,84.6,2.2
"Poa annua L.",99.9,5,91.3,2.2
"Populus nigra L. subsp. nigra",99.9,5,91.3,2.2
"Rumex acetosella L. subsp. acetosella",99.9,5,85.7,2.2
"Saxifraga tridactylites L.",99.9,5,85.7,2.2
"Sporobolus schoenoides (L.) P.M.Peterson",99.9,10,69.2,2.6
"Symphyotrichum squamatum (Spreng.) G.L.Nesom",99.9,6,91.3,29.1
"Symphytum officinale L.",99.9,9,70.9,1.2
"Trifolium patens Schreb.",99.9,6,85.7,17.7
"Trifolium resupinatum L.",99.9,5,85.7,25.8
"Trifolium squamosum L.",99.9,6,85.7,2.2
"Verbascum sinuatum L.",99.9,8,85.7,0.5
"Anacamptis coriophora (L.) R.M.Bateman, Pridgeon & M.W.Chase",99.8,5,84.8,25.8
"Asparagus tenuifolius Lam.",99.8,6,84.7,22.4
"Bellis perennis L.",99.8,6,85.7,2.2
"Cakile maritima Scop. subsp. maritima",99.8,4,84.6,77.4
"Ervilia hirsuta (L.) Opiz",99.8,5,84.4,25.8
"Euphorbia cyparissias L.",99.8,4,91.3,2.2
"Festuca myuros L. subsp. myuros",99.8,5,85.7,2.2
"Hypericum elodes L.",99.8,4,87.4,59.1
"Hypericum humifusum L.",99.8,4,84.7,66
"Lotus angustissimus L.",99.8,4,85.7,66
"Lupinus angustifolius L.",99.8,5,85.7,52
"Polygonum maritimum L.",99.8,5,84.6,23.2
"Rostraria pubescens (Lam.) Trin.",99.8,5,84.6,23.2
"Rumex hydrolapathum Huds.",99.8,5,83.2,47.5
"Salvinia natans (L.) All.",99.8,7,78.9,23.7
"Thalictrum flavum L.",99.8,4,85.7,38
"Thysselinum palustre (L.) Hoffm.",99.8,5,86.9,26.2
"Trifolium michelianum Savi",99.8,6,77,15.5
"Angelica sylvestris L. subsp. sylvestris",99.7,4,84.7,67.1
"Blackstonia perfoliata (L.) Huds. subsp. perfoliata",99.7,5,85.7,2.2
"Calamagrostis arenaria (L.) Roth subsp. arundinacea (Husn.) Banfi, Galasso & Bartolucci",99.7,6,84.6,2.2
"Euphorbia hirsuta L.",99.7,7,86.9,22.4
"Filago germanica (L.) Huds.",99.7,3,85.7,84.7
"Galatella pannonica (Jacq.) Galasso, Bartolucci & Ardenghi subsp. tripolium (L.) Galasso, Bartolucci & Ardenghi",99.7,3,85.7,83.1
"Hibiscus moscheutos L. subsp. moscheutos",99.7,6,87.4,1.2
"Juncus articulatus L. subsp. articulatus",99.7,4,85.7,26.2
"Lathyrus hirsutus L.",99.7,5,85.7,31.7
"Lemna gibba L.",99.7,4,90.9,2.2
"Lotus hirsutus L.",99.7,5,84.6,23.2
"Lotus tenuis Waldst. & Kit. ex Willd.",99.7,3,85.7,84.7
"Neotinea maculata (Desf.) Stearn",99.7,4,83.9,62.8
"Polystichum setiferum (Forssk.) Woyn.",99.7,3,85.7,83.3
"Silene latifolia Poir.",99.7,5,85.7,2.2
"Trifolium cherleri L.",99.7,4,84.4,69.2
"Triglochin barrelieri Loisel.",99.7,5,81.2,22.4
"Trisetaria panicea (Lam.) Paunero",99.7,5,84.4,2.2
"Artemisia verlotiorum Lamotte",99.6,9,70.3,2.6
"Cardamine hirsuta L.",99.6,4,84.7,26.2
"Carlina corymbosa L.",99.6,5,85.7,2.2
"Cenchrus incertus M.A.Curtis",99.6,3,84.6,83.9
"Herniaria glabra L. subsp. glabra",99.6,4,84.4,57.8
"Juncus tenageia L.f. subsp. tenageia",99.6,3,85.7,82.6
"Oenanthe globulosa L.",99.6,5,77,22.4
"Pentanema squarrosum (L.) D.Gut.Larr., SantosVicente, Anderb., E.Rico & M.M.Mart.Ort.",99.6,4,85.7,2.2
"Serapias neglecta De Not.",99.6,4,85.7,57.5
"Spartium junceum L.",99.6,6,79.7,17.8
"Anacamptis morio (L.) R.M.Bateman, Pridgeon & M.W.Chase",99.5,4,85.7,2.2
"Crepis leontodontoides All.",99.5,4,84.8,1.2
"Crepis vesicaria L.",99.5,4,85.7,2.2
"Dipsacus fullonum L.",99.5,5,85.7,2.2
"Hottonia palustris L.",99.5,5,86.1,17.8
"Juncus bufonius L.",99.5,3,85.7,75
"Oenothera biennis L.",99.5,10,84.6,1.3
"Polycarpon tetraphyllum (L.) L. subsp. tetraphyllum",99.5,4,84.8,2.2
"Ranunculus trichophyllus Chaix",99.5,5,85.7,26.2
"Salix cinerea L.",99.5,6,71.3,2.2
"Stachys palustris L.",99.5,5,86.9,2.2
"Xanthium italicum Moretti",99.5,4,83.9,29.1
"Callitriche obtusangula Le Gall",99.4,4,85.7,26.2
"Elodea canadensis Michx.",99.4,8,78.2,2.8
"Nymphaea alba L.",99.4,5,90.9,26.2
"Potamogeton natans L.",99.4,7,85.7,2.2
"Salsola tragus L.",99.4,5,84.6,2.2
"Trifolium fragiferum L. subsp. fragiferum",99.4,6,91.3,2.2
"Galium murale (L.) All.",99.3,4,85.7,2.2
"Helichrysum italicum (Roth) G.Don subsp. italicum",99.3,3,84.8,69.2
"Hordeum bulbosum L.",99.3,3,85.7,66.9
"Linum radiola L.",99.3,3,85.7,66
"Lythrum hyssopifolia L.",99.3,3,85.7,66
"Parthenocissus quinquefolia (L.) Planch.",99.3,4,85.7,29.1
"Plantago bellardii All. subsp. bellardii",99.3,3,85.7,69.2
"Anisantha diandra (Roth) Tutin",99.2,3,85.7,64.8
"Carex flacca Schreb. subsp. flacca",99.2,2,91.3,91.3
"Limbarda crithmoides (L.) Dumort. subsp. longifolia (Arcang.) Greuter",99.2,4,84.6,49.5
"Lysimachia linum-stellatum L.",99.2,3,82.6,77.8
"Medicago littoralis Rohde ex Loisel.",99.2,5,77.8,23.2
"Medicago minima (L.) L.",99.2,4,85.7,2.2
"Phleum arenarium L. subsp. caesium H.Scholz",99.2,4,84.6,23.2
"Ranunculus bulbosus L.",99.2,3,84.7,77.4
"Ranunculus parviflorus L.",99.2,3,82.6,77.4
"Sinapis arvensis L. subsp. arvensis",99.2,3,83.9,77.4
"Arbutus unedo L.",99.1,3,84.8,71.5
"Juncus inflexus L. subsp. inflexus",99.1,3,91.3,26.2
"Platanus orientalis L.",99.1,3,85.7,62.6
"Salix caprea L.",99.1,6,84.8,2.2
"Scrophularia auriculata L. subsp. auriculata",99.1,3,85.7,58.5
"Trifolium lappaceum L.",99.1,6,73.5,2.3
"Urtica membranacea Poir. ex Savigny",99.1,7,84.7,2.2
"Clinopodium vulgare L. subsp. vulgare",99,4,91.3,2.2
"Erigeron acris L. subsp. acris",99,5,76.4,23.2
"Juniperus communis L.",99,4,84.8,2.2
"Lathyrus sphaericus Retz.",99,3,85.7,69.2
"Tamarix gallica L.",99,5,87.3,2.2
"Verbena bonariensis L.",99,2,90,90
"Lonicera implexa Aiton subsp. implexa",98.9,3,88.5,33.9
"Salicornia perennans Willd. subsp. perennans",98.9,4,73.5,59.1
"Sonchus maritimus L.",98.9,6,85.7,17.8
"Teucrium scordium L. subsp. scordioides (Schreb.) Arcang.",98.9,5,85.7,2.2
"Veronica scutellata L.",98.9,4,84.7,30.6
"Alkekengi officinarum Moench",98.8,5,85.7,10.6
"Cardamine amporitana Sennen & Pau",98.8,3,84.7,69.2
"Echinophora spinosa L.",98.8,4,84.6,23.2
"Helichrysum stoechas (L.) Moench subsp. stoechas",98.8,4,79.7,23.2
"Juncus acutus L. subsp. acutus",98.8,3,86.9,67.1
"Loncomelos pyrenaicus (L.) Hrouda subsp. pyrenaicus",98.8,3,84.7,69.2
"Pulicaria sicula (L.) Moris",98.8,4,72.7,47.8
"Parapholis incurva (L.) C.E.Hubb. subsp. incurva",98.7,4,83.9,25.8
"Potentilla erecta (L.) Raeusch.",98.7,2,91.3,84.7
"Utricularia vulgaris L.",98.7,8,66.6,0.3
"Erodium botrys (Cav.) Bertol.",98.6,3,85.7,69.2
"Oenothera laciniata Hill",98.6,6,84.4,1.3
"Catapodium rigidum (L.) C.E.Hubb. subsp. rigidum",98.5,5,82.6,2.2
"Cyperus longus L.",98.5,3,85.7,26.2
"Paspalum dilatatum Poir.",98.5,6,86.5,1.3
"Galium palustre L. subsp. elongatum (C.Presl) Lange",98.4,3,85.7,26.2
"Helminthotheca echioides (L.) Holub",98.4,3,88.5,2.2
"Spirodela polyrhiza (L.) Schleid.",98.4,4,85.2,34.1
"Phalaris paradoxa L.",98.3,10,72.3,2.1
"Ambrosia psilostachya DC.",98.2,3,84.6,27.4
"Eleocharis multicaulis (Sm.) Desv.",98.2,2,87.4,85.7
"Hypochaeris radicata L.",98.2,4,84.7,2.2
"Onobrychis caput-galli (L.) Lam.",98.2,4,83.4,23.2
"Persicaria maculosa (L.) Gray",98.2,4,84.7,2.2
"Rumex crispus L.",98.2,5,84.7,2.2
"Alopecurus myosuroides Huds. subsp. myosuroides",98.1,4,85.7,2.2
"Phalaris brachystachys Link",98.1,10,70.3,2.2
"Anisantha sterilis (L.) Nevski",98,3,85.7,2.2
"Athyrium filix-femina (L.) Roth",98,2,85.7,85.7
"Carex hirta L.",98,2,85.7,85.7
"Paspalum distichum L. subsp. distichum",98,5,81.1,2.8
"Poa angustifolia L.",98,2,85.7,85.7
"Silene gallica L.",98,2,85.7,85.7
"Crepis setosa Haller f.",97.9,3,85.7,2.2
"Galium aparine L.",97.9,3,85.7,2.2
"Ornithopus compressus L.",97.9,3,85.7,2.2
"Verbena officinalis L.",97.9,3,85.7,2.2
"Arctium minus (Hill) Bernh.",97.8,2,85.7,84.7
"Ballota nigra L. subsp. nigra",97.8,2,85.7,84.7
"Bidens frondosa L.",97.8,5,86.7,2.2
"Cuscuta epithymum (L.) L. subsp. epithymum",97.8,2,85.7,84.7
"Helosciadium nodiflorum (L.) W.D.J.Koch",97.8,6,66.6,2.2
"Vicia cordata Wulfen ex Hoppe",97.8,2,85.7,84.7
"Centaurium pulchellum (Sw.) Druce subsp. pulchellum",97.7,5,85.7,10.5
"Glechoma hederacea L.",97.7,3,89.9,2.2
"Trifolium pratense L. subsp. pratense",97.7,4,84.7,2.2
"Bellevalia romana (L.) Sweet",97.6,3,85.7,2.2
"Oreoselinum nigrum Delarbre",97.6,4,76.4,23.2
"Geranium robertianum L.",97.5,3,84.8,2.2
"Senecio vulgaris L. subsp. vulgaris",97.5,4,84.7,2.2
"Spergularia media (L.) C.Presl",97.5,3,73.5,65.6
"Anisantha madritensis (L.) Nevski  subsp. madritensis",97.4,3,84.8,2.2
"Molinia caerulea (L.) Moench",97.4,3,85.7,2.2
"Najas minor All.",97.4,4,90.9,2.2
"Potentilla argentea L.",97.4,3,73.5,68.4
"Atriplex prostrata Boucher ex DC.",97.3,4,83.2,22.4
"Carex caryophyllea Latourr.",97.3,2,84.7,82.2
"Cytinus hypocistis (L.) L.",97.3,2,84.7,82.6
"Orobanche minor Sm.",97.3,2,91.3,69.2
"Rhamnus alaternus L. subsp. alaternus",97.3,4,80.3,0.1
"Schoenoplectus tabernaemontani (C.C.Gmel.) Palla",97.3,5,77.2,0.3
"Sporobolus indicus (L.) R.Br.",97.3,2,84.4,82.6
"Carex distachya Desf.",97.1,2,85.7,79.7
"Filago pyramidata L.",97.1,2,85.7,79.7
"Olea europaea L. subsp. europaea",97.1,2,85.7,79.7
"Peplis portula L.",97.1,4,84.7,29.4
"Coleostephus myconis (L.) Cass. ex Rchb.f.",97,4,84.7,2.2
"Festuca fasciculata Forssk.",97,4,81.9,23.2
"Sedum sexangulare L.",97,3,84.8,2.2
"Sagittaria sagittifolia L.",96.9,8,63.4,2.2
"Equisetum ramosissimum Desf. subsp. ramosissimum",96.8,4,80.8,2.3
"Polypogon monspeliensis (L.) Desf.",96.8,5,85.7,2.2
"Sclerochloa dura (L.) P.Beauv.",96.8,3,69.2,66
"Scrophularia canina L.",96.8,2,85.7,77.4
"Trigonella wojciechowskii Coulot & Rabaute",96.8,4,69.2,23.2
"Emerus major Mill. subsp. major",96.7,3,76.4,62
"Galium lucidum All. subsp. lucidum",96.7,3,85.7,25.8
"Parentucellia latifolia (L.) Caruel",96.7,3,85.7,25.8
"Pyracantha coccinea M.Roem.",96.7,4,79.7,2.2
"Agrostis stolonifera L. subsp. maritima (Lam.) Vasc.",96.6,3,85.5,23.2
"Trifolium subterraneum L. subsp. subterraneum",96.5,3,85.7,2.2
"Ulmus glabra Huds.",96.5,2,82.6,79.7
"Utricularia australis R.Br.",96.5,5,74.6,23
"Marsilea quadrifolia L.",96.4,5,77,14
"Ranunculus lingua L.",96.4,2,84.7,76.4
"Rubus praecox Bertol.",96.4,2,85.7,75
"Taraxacum obovatum (Willd.) DC.",96.4,2,83.9,77.4
"Tribulus terrestris L.",96.4,3,84.6,23.2
"Beckmannia eruciformis (L.) Host subsp. eruciformis",96.3,3,69.2,64.8
"Cladanthus mixtus (L.) Chevall.",96.3,4,77.4,23.2
"Agrimonia eupatoria L. subsp. eupatoria",96.2,3,84.7,2.2
"Hedypnois rhagadioloides (L.) F.W.Schmidt",96.2,4,77.8,2.2
"Isoetes gymnocarpa (Gennari) A.Braun",96.2,3,66.6,66.5
"Schoenoplectus pungens (Vahl) Palla",96.2,4,75.2,26.2
"Verbascum blattaria L.",96.2,4,84.7,2.2
"Cynoglossum creticum Mill.",96.1,4,79.7,2.2
"Sparganium neglectum Beeby",96.1,3,84.7,47.5
"Sporobolus virginicus (L.) Kunth",96.1,3,84.6,23.2
"Achillea maritima (L.) Ehrend. & Y.P.Guo subsp. maritima",96,3,84.6,25.8
"Apium graveolens L.",96,5,77,1.2
"Daucus pumilus (L.) Hoffmanns. & Link",96,3,69.2,62.8
"Broussonetia papyrifera (L.) Vent.",95.8,2,85.7,70.7
"Bulbostylis cioniana (Pi.Savi) Lye",95.7,2,87.4,65.7
"Leersia oryzoides (L.) Sw.",95.7,2,87.4,65.8
"Agrostis canina L. subsp. canina",95.6,2,85.7,69.2
"Deschampsia cespitosa (L.) P.Beauv. subsp. cespitosa",95.6,2,85.7,69.2
"Erigeron karvinskianus DC.",95.6,3,79.7,1.6
"Lamium bifidum Cirillo subsp. bifidum",95.6,2,85.7,69.2
"Lapsana communis L. subsp. communis",95.6,2,85.7,69.2
"Lotus hispidus DC.",95.6,4,69.2,10.7
"Parapholis filiformis (Roth) C.E.Hubb.",95.6,3,83.9,23.2
"Scutellaria columnae All. subsp. columnae",95.6,2,85.7,69.2
"Solanum nigrum L.",95.6,5,85.7,17.8
"Cistus monspeliensis L.",95.5,2,79.7,77.8
"Marcus-kochia ramosissima (Desf.) Al-Shehbaz",95.5,2,80.2,77.4
"Oxalis dillenii Jacq.",95.4,2,91.3,47.5
"Rubus sulcatus Vest",95.4,2,84.7,69.7
"Trifolium arvense L. subsp. arvense",95.4,3,79.3,2.2
"Epilobium tetragonum L. subsp. tetragonum",95.3,2,84.7,69.2
"Montia arvensis Wallr.",95.3,2,84.7,69.2
"Osyris alba L.",95.3,2,84.7,69.2
"Veronica chamaedrys L. subsp. chamaedrys",95.3,2,81.2,74.9
"Xanthium strumarium L. subsp. strumarium",95.3,5,77.4,0.5
"Jacobaea erratica (Bertol.) Fourr.",95.2,4,91.3,2.2
"Ruppia maritima L.",95.1,4,60.7,23.2
"Sulla coronaria (L.) Medik.",95.1,2,80,75.7
"Cuscuta cesattiana Bertol.",95,2,77.8,77.4
"Pittosporum tobira (Thunb.) W.T.Aiton",95,2,77.8,77.4
"Ribes rubrum L.",95,2,78.4,76.9
"Romulea columnae Sebast. & Mauri",95,2,83.9,69.2
"Senecio lividus L.",95,2,77.8,77.4
"Myosotis gussonei Jan",94.9,2,84.7,66.8
"Genista germanica L.",94.8,3,62.9,62
"Stachys germanica L. subsp. salviifolia (Ten.) Gams",94.8,3,74,31.8
"Plantago cornutii Gouan",94.5,2,80,72.5
"Butomus umbellatus L.",94.3,3,85.4,31.7
"Juniperus turbinata Guss.",94.3,3,61.6,61.6
"Oenothera chicaginensis de Vries ex Renner & Cleland",94.2,2,82.1,67.5
"Veronica anagallis-aquatica L. subsp. anagallis-aquatica",94.2,4,84.7,2.2
"Ranunculus peltatus Schrank",94,2,77,73.9
"Hydrocotyle ranunculoides L.f.",93.7,2,90.9,31.5
"Potamogeton coloratus Hornem.",93.7,2,77,72.8
"Myriophyllum spicatum L.",93.6,6,60.7,2.2
"Setaria pumila (Poir.) Roem. & Schult.",93.6,4,84,2.2
"Sonchus bulbosus (L.) N.Kilian & Greuter subsp. bulbosus",93.6,4,77.8,3.2
"Imperata cylindrica (L.) Raeusch.",93.5,3,74.4,23.2
"Clinopodium nepeta (L.) Kuntze subsp. spruneri (Boiss.) Bartolucci & F.Conti",93.1,3,77,11.7
"Oenothera italica Rostanski & Soldano",93.1,3,85.8,30.3
"Vicia lathyroides L.",92.9,2,82.6,59.1
"Oenothera stricta Link subsp. stricta",92.8,5,84.6,1.3
"Isolepis cernua (Vahl) Roem. & Schult.",92.7,2,76.4,69.2
"Vicia angustifolia L.",92.7,3,66,47.5
"Cortaderia selloana (Schult. & Schult.f.) Asch. & Graebn.",92.6,2,76.4,68.6
"Kickxia commutata (Bernh. ex Rchb.) Fritsch subsp. commutata",92.6,4,85.7,2.2
"Tragopogon eriospermus Ten.",92.6,2,85.7,47.8
"Tragus racemosus (L.) All.",92.6,3,69.5,23.2
"Ervum tetraspermum L.",92.5,4,66,26.2
"Digitaria debilis (Desf.) Willd.",92.4,3,77,30.6
"Trifolium dubium Sibth.",92.4,2,76.4,67.8
"Capsella bursa-pastoris (L.) Medik. subsp. bursa-pastoris",92.3,3,84.7,26.2
"Spiranthes spiralis (L.) Chevall.",92.3,3,72.7,2.2
"Festuca ligustica (All.) Bertol.",92.2,3,77.4,2.2
"Polygala flavescens DC. subsp. flavescens",92.2,2,72,72
"Spergula arvensis L.",92.2,3,69.2,25.8
"Cicendia filiformis (L.) Delarbre",92,3,69.2,23.2
"Ludwigia palustris (L.) Elliott",92,4,84.7,2.2
"Vicia dasycarpa Ten.",92,3,69.2,23.2
"Najas major All.",91.9,5,67.1,2.2
"Scutellaria hastifolia L.",91.8,2,73.5,69.2
"Myagrum perfoliatum L.",91.4,3,77.8,26.2
"Astragalus sesameus L.",91.3,1,91.3,91.3
"Nymphoides peltata (S.G.Gmel.) Kuntze",91,3,85.7,17.8
"Trifolium vesiculosum Savi",91,5,69.2,2.3
"Ophioglossum lusitanicum L.",90.9,3,70.8,2
"Prunus domestica L.",90.8,1,90.8,90.8
"Succisa pratensis Moench",90.8,3,76.4,25.8
"Oxybasis rubra (L.) S.Fuentes, Uotila & Borsch",90.7,3,75.9,17.8
"Paspalum vaginatum Sw.",90.6,1,90.6,90.6
"Sporobolus pumilus (Roth) P.M.Peterson & Saarela",90.6,1,90.6,90.6
"Cirsium arvense (L.) Scop.",90.5,3,85.7,2.2
"Cirsium vulgare (Savi) Ten. s.l.",90.3,4,64.8,2.2
"Potentilla pedata Willd. ex Hornem.",90.3,2,69.2,68.4
"Asperula cynanchica L. subsp. cynanchica",90.1,3,85.7,9.7
"Euphorbia palustris L.",89.7,2,69.2,66.6
"Trifolium pallidum Waldst. & Kit.",89.7,3,85.7,2.2
"Oenanthe fistulosa L.",89.5,2,69.2,66
"Trifolium striatum L. subsp. striatum",89.5,2,69.2,66
"Oenanthe aquatica (L.) Poir.",89.4,2,84.7,30.6
"Allium vineale L.",89.3,3,85.7,2.2
"Cirsium palustre (L.) Scop.",89.3,3,86.9,0.3
"Elymus repens (L.) Gould subsp. repens",89.3,3,85.7,2.2
"Ranunculus acris L. subsp. acris",89.2,3,76.4,26.2
"Sambucus ebulus L.",89.1,4,83.3,2.2
"Spergularia rubra (L.) J.Presl & C.Presl",88.8,2,67.1,66
"Ficaria verna Huds. subsp. verna",88.7,2,84.7,26.2
"Cenchrus longispinus (Hack.) Fernald",88.6,2,66.9,65.4
"Geranium dissectum L.",88.6,3,77.8,2.2
"Papaver rhoeas L. subsp. rhoeas",88.6,3,77.4,26.2
"Leontodon saxatilis Lam. subsp. saxatilis",88.5,3,84.7,2.2
"Schoenoplectus lacustris (L.) Palla",88.5,2,88.5,0.3
"Hordeum murinum L. subsp. leporinum (Link) Arcang.",88.4,3,82.6,2.2
"Anthemis cotula L.",88.3,2,85.7,17.8
"Cutandia maritima (L.) Benth. ex Barbey",88.3,2,66.8,64.8
"Euphorbia esula L. subsp. esula",88.3,2,85.7,17.8
"Stellaria aquatica (L.) Scop.",88,3,71,2.2
"Equisetum palustre L.",87.9,3,70.8,23.7
"Lathyrus ochrus (L.) DC.",87.7,3,84.7,2.3
"Spergularia marina (L.) Besser",87.6,3,66.8,22.4
"Lolium arundinaceum (Schreb.) Darbysh subsp. arundinaceum",87.4,5,66.6,2.2
"Solenopsis laurentia (L.) C.Presl",87.4,2,66,62.8
"Carex pseudocyperus L.",86.9,1,86.9,86.9
"Lythrum virgatum L.",86.9,1,86.9,86.9
"Medicago turbinata (L.) All.",86.8,4,73.5,2.2
"Briza maxima L.",86.4,3,85.7,2.2
"Asplenium trichomanes L. subsp. trichomanes",86.1,2,85.7,2.3
"Avena barbata Pott ex Link",86.1,2,85.7,2.2
"Brachypodium distachyon (L.) P.Beauv.",86.1,2,85.7,2.2
"Bromus commutatus Schrad. subsp. commutatus",86.1,2,85.7,2.5
"Bromus racemosus L. subsp. racemosus",86.1,2,85.7,2.2
"Cynosurus echinatus L.",86.1,2,85.7,2.2
"Geranium rotundifolium L.",86.1,2,85.7,2.2
"Malva sylvestris L.",86.1,4,75,2.2
"Salvia verbenaca L.",86.1,2,85.7,2.2
"Valerianella eriocarpa Desv.",86.1,2,85.7,2.2
"Setaria verticillata (L.) P.Beauv.",85.9,2,85.5,2.2
"Acorus calamus L.",85.7,1,85.7,85.7
"Aesculus hippocastanum L.",85.7,1,85.7,85.7
"Ailanthus altissima (Mill.) Swingle",85.7,1,85.7,85.7
"Aira cupaniana Guss.",85.7,1,85.7,85.7
"Asparagus officinalis L. subsp. officinalis",85.7,1,85.7,85.7
"Cerastium brachypetalum Desp. ex Pers. subsp. brachypetalum",85.7,1,85.7,85.7
"Leucanthemum pallens (Perreym.) DC.",85.7,1,85.7,85.7
"Lolium giganteum (L.) Darbysh.",85.7,1,85.7,85.7
"Poterium sanguisorba L. subsp. sanguisorba",85.7,1,85.7,85.7
"Reichardia picroides (L.) Roth",85.7,1,85.7,85.7
"Viola arvensis Murray subsp. arvensis",85.7,1,85.7,85.7
"Medicago marina L.",85.5,3,61.2,23.2
"Orobanche hederae Duby",85.4,3,84.7,2.5
"Stachys recta L. subsp. recta",85.4,3,72.1,23.2
"Ulmus laevis Pall.",85.3,1,85.3,85.3
"Crocus biflorus Mill.",85.2,2,69.2,51.9
"Triticum neglectum (Req.ex Bertol.) Greuter",85.1,3,62.8,2.2
"Cota tinctoria (L.) J.Gay subsp. tinctoria",85,2,84.7,2.2
"Lathyrus aphaca L. subsp. aphaca",85,2,84.7,2.2
"Pastinaca sativa L. subsp. sativa",85,2,84.7,2.2
"Umbilicus rupestris (Salisb.) Dandy",85,2,84.7,2.2
"Amaranthus albus L.",84.8,3,72.1,23.2
"Calamagrostis epigejos (L.) Roth subsp. epigejos",84.8,2,62.8,59.1
"Dioscorea communis (L.) Caddick & Wilkin",84.7,1,84.7,84.7
"Fimbristylis squarrosa Vahl",84.7,1,84.7,84.7
"Hypericum perforatum L. subsp. veronense (Schrank) Ces.",84.7,1,84.7,84.7
"Hypericum tetrapterum Fr.",84.7,1,84.7,84.7
"Ranunculus ophioglossifolius Vill.",84.7,1,84.7,84.7
"Teucrium scorodonia L.",84.7,1,84.7,84.7
"Turritis glabra L.",84.7,1,84.7,84.7
"Cyperus capitatus Vand.",84.6,1,84.6,84.6
"Festuca pyramidata Link",84.6,1,84.6,84.6
"Oenothera sinuosa W.L.Wagner & Hoch",84.6,1,84.6,84.6
"Silene canescens Ten.",84.6,1,84.6,84.6
"Silene otites (L.) Wibel",84.6,1,84.6,84.6
"Centaurea nigrescens Willd. subsp. nigrescens",84.5,4,72.1,2.2
"Daphne laureola L.",84.5,1,84.5,84.5
"Oenanthe peucedanifolia Pollich",84.1,2,66,53.2
"Cyperus flavescens L.",84,1,84,84
"Draba verna L. subsp. praecox (Steven) Rouy & Foucaud",83.9,1,83.9,83.9
"Helianthemum nummularium (L.) Mill. subsp. obscurum (Celak.) Holub",83.9,1,83.9,83.9
"Valerianella locusta (L.) Laterr.",83.9,1,83.9,83.9
"Lathyrus pratensis L. subsp. pratensis",83.6,2,83.2,2.2
"Vicia sativa L.",83.6,2,83.2,2.2
"Epipactis microphylla (Ehrh.) Sw.",83.5,2,77.8,25.8
"Gleditsia triacanthos L.",83.5,2,78.2,24.3
"Scolymus hispanicus L. subsp. hispanicus",83.3,3,77.8,2.2
"Potamogeton nodosus Poir.",83.2,5,81.4,2.5
"Ranunculus lanuginosus L.",83.2,1,83.2,83.2
"Trifolium tomentosum L.",83.2,1,83.2,83.2
"Equisetum hyemale L.",83.1,1,83.1,83.1
"Briza minor L.",83,2,82.6,2.2
"Rosa agrestis Savi",83,2,82.6,2.2
"Ecballium elaterium (L.) A.Rich.",82.9,3,77.4,2.2
"Potamogeton crispus L.",82.7,5,47.5,2.2
"Iris germanica L.",82.6,1,82.6,82.6
"Muscari neglectum Guss. ex Ten.",82.6,1,82.6,82.6
"Cephalanthera rubra (L.) Rich.",82.5,2,76.4,25.8
"Taraxacum trilobifolium Hudziok",82.5,1,82.5,82.5
"Odontites luteus (L.) Clairv. subsp. luteus",82.3,3,76.4,2.2
"Seseli tortuosum L. subsp. tortuosum",82.3,3,76.4,2.2
"Carex liparocarpos Gaudin subsp. liparocarpos",82.2,1,82.2,82.2
"Dysphania multifida (L.) Mosyakin & Clemants",81.9,1,81.9,81.9
"Trigonella sulcata (Desf.) Coulot & Rabaute",81.9,3,66.4,12
"Saponaria officinalis L.",81.5,2,75,26.2
"Echinochloa crus-galli (L.) P.Beauv. subsp. crus-galli",81.3,4,46.4,2.2
"Galatella linosyris (L.) Rchb.f. subsp. linosyris",81.2,3,66.7,23.5
"Trifolium angustifolium L. subsp. angustifolium",81.2,3,75,2.2
"Neslia paniculata (L.) Desv. subsp. paniculata",80.5,3,70.3,11.7
"Datura stramonium L.",79.9,3,69.2,14.9
"Hieracium bifidum Kit. ex Hornem.",79.7,1,79.7,79.7
"Soda inermis Fourr.",79.7,2,73.8,22.4
"Trigonella alba (Medik.) Coulot & Rabaute",79.5,3,72.7,2.2
"Sparganium erectum L.",79.1,4,57.8,2.2
"Tetragonia tetragonoides (Pallas) Kuntze",78.4,2,70.7,26.1
"Antirrhinum majus L. subsp. majus",78.3,2,77.8,2.2
"Dysphania ambrosioides (L.) Mosyakin & Clemants",78.3,5,29.1,23.2
"Euphorbia nutans Lag.",78.2,1,78.2,78.2
"Anchusa azurea Mill.",77.9,2,77.4,2.2
"Fumaria muralis W.D.J.Koch subsp. muralis",77.8,1,77.8,77.8
"Glaucium flavum Crantz",77.8,1,77.8,77.8
"Sonchus asper (L.) Hill s.l.",77.8,1,77.8,77.8
"Urospermum picroides (L.) Scop. ex F.W.Schmidt",77.8,1,77.8,77.8
"Anacamptis papilionacea (L.) R.M.Bateman, Pridgeon & M.W.Chase",77.4,1,77.4,77.4
"Parietaria judaica L.",77.4,1,77.4,77.4
"Sabulina mediterranea (Ledeb. ex Link) Rchb.",77.4,1,77.4,77.4
"Salvia rosmarinus Spenn.",77.4,1,77.4,77.4
"Malva arborea (L.) Webb & Berthel.",77.3,2,53.4,51.2
"Vicia hybrida L.",77.3,2,69.2,26.2
"Genista monspessulana (L.) L.Johnson",77.2,2,69.2,25.8
"Cycloloma atriplicifolium (Spreng.) J.M.Coult.",77.1,1,77.1,77.1
"Amaranthus graecizans L. subsp. sylvestris (Vill.) Brenan",77,1,77,77
"Trifolium suffocatum L.",77,1,77,77
"Valeriana officinalis L. subsp. officinalis",77,1,77,77
"Verbascum phoeniceum L.",77,1,77,77
"Vicia narbonensis L. subsp. narbonensis",77,1,77,77
"Galium verum L. subsp. verum",76.9,2,76.4,2.2
"Potentilla inclinata Vill.",76.9,2,69.2,24.9
"Bromus hordeaceus L. subsp. hordeaceus",76.5,3,64.8,2.2
"Polygala nicaeensis W.D.J.Koch subsp. italiana (Chodat) Arrigoni",76.5,2,76.4,0.5
"Corylus avellana L.",76.4,1,76.4,76.4
"Cyperus rotundus L.",76.4,1,76.4,76.4
"Dianthus balbisii Ser. subsp. balbisii",76.4,1,76.4,76.4
"Epipactis helleborine (L.) Crantz",76.4,1,76.4,76.4
"Hieracium sabaudum L.",76.4,1,76.4,76.4
"Hieracium umbellatum L.",76.4,1,76.4,76.4
"Juncus tenuis Willd.",76.4,1,76.4,76.4
"Neottia ovata (L.) Bluff & Fingerh.",76.4,1,76.4,76.4
"Origanum vulgare L. subsp. vulgare",76.4,1,76.4,76.4
"Ostrya carpinifolia Scop.",76.4,1,76.4,76.4
"Prunella laciniata (L.) L.",76.4,1,76.4,76.4
"Solidago virgaurea L. subsp. virgaurea",76.4,1,76.4,76.4
"Danthonia decumbens (L.) DC. subsp. decumbens",76.3,2,69.2,23.2
"Linum strictum L. subsp. strictum",76.3,2,69.2,23.2
"Salicornia fruticosa L.",76.3,2,72.1,14.9
"Salvia clandestina L.",76.3,2,69.2,23.2
"Vicia benghalensis L.",76.3,2,69.2,23.2
"Sporobolus aculeatus (L.) P.M.Peterson",76.1,2,69.2,22.4
"Trisetaria aurea (Ten.) Pignatti",75.7,1,75.7,75.7
"Oxalis stricta L.",75.5,2,75,2.2
"Rubus caesius L.",75.5,2,75,2.2
"Sedum cepaea L.",75.5,2,75,2.2
"Torilis arvensis (Huds.) Link subsp. arvensis",75.5,2,75,2.2
"Legousia speculum-veneris (L.) Chaix",75.3,3,65.8,2.2
"Hieracium murorum L.",74.7,2,69.2,17.8
"Romulea rollii Parl.",74.7,1,74.7,74.7
"Pinus halepensis Mill. subsp. halepensis",74.4,1,74.4,74.4
"Centaurium maritimum (L.) Fritsch",74.2,2,66.4,23.2
"Sedum rubens L.",74.1,2,73.5,2.5
"Jasione montana L.",73.9,2,66,23.2
"Ranunculus saniculifolius Viv.",73.9,1,73.9,73.9
"Odontites vernus (Bellardi) Dumort. subsp. serotinus (Dumort.) Corb.",73.7,2,73.1,2.2
"Callitriche truncata Guss. s.l.",73.5,1,73.5,73.5
"Elatine alsinastrum L.",73.5,1,73.5,73.5
"Exaculum pusillum (Lam.) Caruel",73.5,1,73.5,73.5
"Helosciadium inundatum (L.) W.D.J.Koch",73.5,1,73.5,73.5
"Abutilon theophrasti Medik.",72.9,1,72.9,72.9
"Bidens tripartita L. subsp. tripartita",72.7,2,72.1,2.2
"Crepis bellidifolia Loisel.",72.7,1,72.7,72.7
"Micromeria graeca (L.) Benth. ex Rchb. subsp. graeca",72.7,2,72.1,2.2
"Artemisia caerulescens L. subsp. caerulescens",72.6,2,64.8,22.4
"Puccinellia distans (Jacq.) Parl. subsp. distans",72.6,2,64.8,22.4
"Silybum marianum (L.) Gaertn.",72.6,3,58.9,2.2
"Agrostemma githago L.",72.5,2,69.2,10.6
"Utricularia minor L.",72.5,1,72.5,72.5
"Digitaria ischaemum (Schreb. ex Schweigg.) Schreb. ex Muhl. subsp. ischaemum",72.4,1,72.4,72.4
"Persicaria mitis (Schrank) Assenov",72.4,1,72.4,72.4
"Trigonella altissima (Thuill.) Coulot & Rabaute",72,2,71.8,0.5
"Setaria italica (L.) P.Beauv. subsp. viridis (L.) Thell.",71.7,3,46.4,2.2
"Lomelosia rutifolia (Vahl) Avino & P.Caputo",71.4,2,62.8,23.2
"Stachys maritima Gouan",71.1,1,71.1,71.1
"Arundo donax L.",71,2,46.4,45.9
"Spergula pentandra L.",71,1,71,71
"Vallisneria spiralis L.",71,2,60.7,26.2
"Ophioglossum vulgatum L. subsp. vulgatum",70.8,1,70.8,70.8
"Isolepis setacea (L.) R.Br.",70.3,2,69.2,3.5
"Brachypodium retusum (Pers.) P.Beauv.",70.1,1,70.1,70.1
"Allium pallens L.",69.9,2,69.2,2.2
"Isoetes durieui Bory",69.9,2,67.5,7.5
"Pentanema britannicum (L.) D.Gut.Larr., Santos-Vicente, Anderb., E.Rico & M.M.Mart.Ort.",69.9,2,69.2,2.2
"Gnaphalium uliginosum L.",69.6,2,66,10.5
"Helichrysum luteoalbum (L.) Rchb.",69.3,2,69.2,0.3
"Aira elegantissima Schur subsp. elegantissima",69.2,1,69.2,69.2
"Allium chamaemoly L. subsp. chamaemoly",69.2,1,69.2,69.2
"Allium coloratum Spreng.",69.2,1,69.2,69.2
"Anacyclus radiatus Loisel. subsp. radiatus",69.2,1,69.2,69.2
"Andryala integrifolia L.",69.2,1,69.2,69.2
"Anthriscus sylvestris (L.) Hoffm. subsp. sylvestris",69.2,1,69.2,69.2
"Asphodelus ramosus L. subsp. ramosus",69.2,1,69.2,69.2
"Centaurea aspera L. subsp. aspera",69.2,1,69.2,69.2
"Cytisus villosus Pourr.",69.2,1,69.2,69.2
"Dracunculus vulgaris Schott",69.2,1,69.2,69.2
"Ervilia sylvatica (L.) Schur",69.2,1,69.2,69.2
"Euphorbia maculata L.",69.2,3,67.6,2.5
"Geranium columbinum L.",69.2,1,69.2,69.2
"Hypericum australe Ten.",69.2,1,69.2,69.2
"Inula helenium L. subsp. helenium",69.2,1,69.2,69.2
"Lathyrus palustris L.",69.2,1,69.2,69.2
"Lathyrus sylvestris L. subsp. sylvestris",69.2,1,69.2,69.2
"Linum trigynum L.",69.2,1,69.2,69.2
"Moenchia erecta (L.) G.Gaertn., B.Mey. & Scherb. subsp. erecta",69.2,1,69.2,69.2
"Nepeta cataria L.",69.2,1,69.2,69.2
"Plantago lagopus L.",69.2,1,69.2,69.2
"Prospero autumnale (L.) Speta",69.2,1,69.2,69.2
"Prunus avium L.",69.2,2,62,19.1
"Quercus cerris L.",69.2,1,69.2,69.2
"Quercus suber L.",69.2,1,69.2,69.2
"Romulea bulbocodium (L.) Sebast. & Mauri",69.2,1,69.2,69.2
"Rosa corymbifera Borkh.",69.2,1,69.2,69.2
"Tamarix africana Poir.",69.2,1,69.2,69.2
"Tanacetum vulgare L. subsp. vulgare",69.2,1,69.2,69.2
"Trifolium bocconei Savi",69.2,1,69.2,69.2
"Trifolium incarnatum L. subsp. incarnatum",69.2,1,69.2,69.2
"Trifolium micranthum Viv.",69.2,1,69.2,69.2
"Vicia disperma DC.",69.2,1,69.2,69.2
"Vicia peregrina L.",69.2,1,69.2,69.2
"Nelumbo nucifera Gaertn.",68.8,1,68.8,68.8
"Hieracium umbellatum L. subsp. umbellatum",68.6,2,59.1,23.2
"Dianthus armeria L. subsp. armeria",68.3,1,68.3,68.3
"Tulipa sylvestris L.",68.1,1,68.1,68.1
"Verbascum pulverulentum Vill.",67.8,1,67.8,67.8
"Atriplex halimus L.",67.3,1,67.3,67.3
"Bupleurum tenuissimum L.",67.1,1,67.1,67.1
"Genista pilosa L.",67.1,1,67.1,67.1
"Oenothera stucchii Soldano",67.1,1,67.1,67.1
"Potamogeton perfoliatus L.",67.1,1,67.1,67.1
"Romulea ramiflora Ten. subsp. ramiflora",67.1,1,67.1,67.1
"Charybdis maritima (L.) Speta",67,2,61.2,14.9
"Sporobolus alopecuroides (Piller & Mitterp.) P.M.Peterson",66.8,1,66.8,66.8
"Vicia elegantissima Shuttlew. ex Rouy",66.7,1,66.7,66.7
"Carex olbiensis Jord.",66.6,1,66.6,66.6
"Cyperus fuscus L.",66.2,2,52.1,29.4
"Achillea ageratum L.",66.1,2,65.3,2.2
"Glyceria spicata Guss.",66,1,66,66
"Hordeum secalinum Schreb.",66,1,66,66
"Knautia arvensis (L.) Coult.",66,1,66,66
"Ornithopus pinnatus (Mill.) Druce",66,1,66,66
"Rumex obtusifolius L. subsp. obtusifolius",66,1,66,66
"Trifolium glomeratum L.",66,1,66,66
"Trifolium ligusticum Balb. ex Loisel.",66,1,66,66
"Trifolium strictum L.",66,1,66,66
"Artemisia caerulescens L. subsp. cretacea (Fiori) Brilli-Catt. & Gubellini",65.7,1,65.7,65.7
"Festuca danthonii Asch. & Graebn. subsp. danthonii",65.6,2,64.8,2.2
"Cynanchum acutum L. subsp. acutum",65.3,1,65.3,65.3
"Typha minima Funk",64.8,1,64.8,64.8
"Valerianella rimosa Bastard",64.6,2,57,17.8
"Amaranthus retroflexus L.",64.1,3,34.1,23.2
"Trifolium scabrum L. subsp. scabrum",63.8,2,52.9,23.2
"Euphorbia characias L.",63.7,2,58.9,11.7
"Achnatherum bromoides (L.) P.Beauv.",62.8,1,62.8,62.8
"Bupleurum baldense Turra",62.8,1,62.8,62.8
"Euphorbia platyphyllos L.",62.8,1,62.8,62.8
"Lysimachia minima (L.) U.Manns & Anderb.",62.8,1,62.8,62.8
"Ranunculus arvensis L.",62.8,2,47.5,29.2
"Vitex agnus-castus L.",62.8,1,62.8,62.8
"Pyrus cordata Desv.",62.4,1,62.4,62.4
"Malva punctata (All.) Alef.",61.5,2,47.8,26.2
"Schoenoplectiella mucronata (L.) J.Jung & H.K.Choi",61.2,5,38,1
"Triglochin maritima L.",61.2,1,61.2,61.2
"Urtica urens L.",61,3,59.2,2.2
"Cirsium creticum (Lam.) d'Urv. subsp. triumfettii (Lacaita) K.Werner",60.6,3,41.1,0.3
"Allium savii Parl.",59.4,2,47.7,22.4
"Vicia cassubica L.",59.1,1,59.1,59.1
"Alliaria petiolata (M.Bieb.) Cavara & Grande",58.9,1,58.9,58.9
"Triglochin palustris L.",57.8,1,57.8,57.8
"Myriophyllum verticillatum L.",57.7,3,30.6,17.8
"Serapias parviflora Parl.",57.5,1,57.5,57.5
"Cirsium italicum DC.",57.1,2,47.8,17.8
"Phalaris canariensis L.",56.9,4,29.1,2.6
"Visnaga daucoides Gaertn.",54.3,2,53.2,2.2
"Typha angustifolia L.",54.2,4,47.5,0.3
"Juncus subnodulosus Schrank",52.1,1,52.1,52.1
"Carex viridula Michx.",51.9,1,51.9,51.9
"Persicaria decipiens (R.Br.) K.L.Wilson",51.3,2,34.1,26.2
"Avena fatua L. subsp. fatua",50.7,3,31.7,2.2
"Euphorbia helioscopia L. subsp. helioscopia",50.7,3,31.7,2.2
"Lathyrus annuus L.",49.8,3,47.5,2.2
"Ranunculus sceleratus L.",49.6,2,31.7,26.2
"Oxybasis chenopodioides (L.) S.Fuentes, Uotila & Borsch",49.1,3,46.7,2.3
"Borago officinalis L.",48.7,2,47.5,2.2
"Scandix pecten-veneris L. subsp. pecten-veneris",48.7,2,47.5,2.2
"Schoenoplectus triqueter (L.) Palla",48.5,1,48.5,48.5
"Lipandra polysperma (L.) S.Fuentes, Uotila & Borsch",47.9,3,30.6,2.2
"Kickxia spuria (L.) Dumort. subsp. spuria",47.8,1,47.8,47.8
"Medicago ciliaris (L.) All.",47.8,1,47.8,47.8
"Scolymus maculatus L.",47.8,1,47.8,47.8
"Cynoglossum officinale L.",47.5,1,47.5,47.5
"Nasturtium officinale R.Br.",47.5,1,47.5,47.5
"Sisymbrium officinale (L.) Scop.",47.5,1,47.5,47.5
"Sorghum halepense (L.) Pers.",47.1,2,45.9,2.2
"Rorippa sylvestris (L.) Besser subsp. sylvestris",45.8,2,26.6,26.2
"Pistacia terebinthus L. subsp. terebinthus",44.2,3,30.5,2.3
"Poa pratensis L. subsp. pratensis",44.2,3,24.9,2.2
"Rhynchospora alba (L.) Vahl",40.4,1,40.4,40.4
"Humulus japonicus Siebold & Zucc.",40.2,1,40.2,40.2
"Drosera rotundifolia L.",40,2,39.8,0.3
"Atriplex tatarica L.",39.3,1,39.3,39.3
"Oenothera oehlkersi Kappus ex Rostanski",37.7,1,37.7,37.7
"Hainardia cylindrica (Willd.) Greuter",36.9,2,23.2,17.8
"Centaurea calcitrapa L.",35.5,3,19.8,2.2
"Acanthus mollis L. subsp. mollis",34.1,1,34.1,34.1
"Rumex patientia L. subsp. patientia",34.1,1,34.1,34.1
"Lepidium virginicum L.",33.3,4,22.2,1.3
"Anthemis arvensis L. subsp. arvensis",33.2,2,31.7,2.2
"Galium tricornutum Dandy",33.2,2,31.7,2.2
"Lactuca sativa L. subsp. serriola (L.) Galasso, Banfi, Bartolucci & Ardenghi",33.2,2,31.7,2.2
"Medicago arabica (L.) Huds.",33.2,2,31.7,2.2
"Smyrnium olusatrum L.",33.2,2,31.7,2.2
"Ophrys tetraloniae W.P.Teschner",32.7,1,32.7,32.7
"Schenkia spicata (L.) G.Mans.",32.5,3,30.6,0.5
"Malva multiflora (Cav.) Soldano, Banfi & Galasso",32.4,2,30.6,2.5
"Echium plantagineum L.",32.2,2,30.6,2.2
"Bunias erucago L.",31.7,1,31.7,31.7
"Convolvulus althaeoides L.",31.7,1,31.7,31.7
"Diplotaxis erucoides (L.) DC. subsp. erucoides",31.7,1,31.7,31.7
"Portulaca oleracea L.",30.8,2,29.2,2.2
"Amaranthus hybridus L.",29.1,1,29.1,29.1
"Daucus carota L. subsp. carota",27.8,2,26.2,2.2
"Lamium maculatum L.",27.8,2,26.2,2.2
"Persicaria amphibia (L.) Delarbre",27.8,2,26.2,2.2
"Polygonum aviculare L. subsp. aviculare",27.8,2,26.2,2.2
"Veronica beccabunga L. subsp. beccabunga",27.8,2,26.2,2.2
"Mentha suaveolens Ehrh. subsp. suaveolens",27.5,2,25.8,2.2
"Sabulina tenuifolia (L.) Rchb. subsp. tenuifolia",27.5,2,25.8,2.2
"Lotus pedunculatus Cav.",26.6,3,26.2,0.3
"Epilobium hirsutum L.",26.4,2,17.8,10.5
"Arabidopsis thaliana (L.) Heynh.",26.2,1,26.2,26.2
"Fumaria officinalis L. subsp. officinalis",26.2,1,26.2,26.2
"Leontodon hispidus L. subsp. hispidus",26.2,1,26.2,26.2
"Potamogeton pusillus L.",26.2,1,26.2,26.2
"Sonchus arvensis L. subsp. uliginosus (M.Bieb.) Nyman",26.2,1,26.2,26.2
"Stachys heraclea All.",26.2,1,26.2,26.2
"Taraxacum F.H.Wigg. sect. Taraxacum",26.2,1,26.2,26.2
"Medicago truncatula Gaertn.",25.8,1,25.8,25.8
"Serapias lingua L.",25.8,1,25.8,25.8
"Stachys arvensis (L.) L.",25.8,1,25.8,25.8
"Valerianella puberula (Bertol. ex Guss.) DC.",25.8,1,25.8,25.8
"Lathyrus clymenum L.",25.4,2,23.6,2.2
"Oxybasis urbica (L.) S.Fuentes, Uotila & Borsch",25,2,23.3,2.2
"Alopecurus rendlei Eig",24.9,2,23.2,2.2
"Anisantha rigida (Roth) Hyl.",24.9,2,23.2,2.2
"Astragalus glycyphyllos L.",24.9,2,23.2,2.2
"Berula erecta (Huds.) Coville",24.9,2,23.2,2.2
"Bothriochloa ischaemum (L.) Keng",24.9,2,23.2,2.2
"Clinopodium nepeta (L.) Kuntze subsp. nepeta",24.9,2,23.2,2.2
"Crepis foetida L. subsp. foetida",24.9,2,23.2,2.2
"Dasypyrum villosum (L.) P.Candargy",24.9,2,23.2,2.2
"Echium italicum L. subsp. italicum",24.9,2,23.2,2.2
"Epilobium parviflorum Schreb.",24.9,2,23.2,2.2
"Fimbristylis dichotoma (L.) Vahl",24.9,1,24.9,24.9
"Galega officinalis L.",24.9,2,23.2,2.2
"Hyoscyamus albus L.",24.9,2,23.2,2.2
"Ononis spinosa L. subsp. spinosa",24.9,2,23.2,2.2
"Picris hieracioides L. subsp. hieracioides",24.9,2,23.2,2.2
"Pulicaria vulgaris Gaertn.",24.9,2,23.2,2.2
"Rostraria cristata (L.) Tzvelev",24.9,2,23.2,2.2
"Rumex bucephalophorus L. subsp. gallicus (Steinh.) Rech.f.",24.9,1,24.9,24.9
"Thinopyrum obtusiflorum (DC.) Banfi subsp. obtusiflorum",24.9,1,24.9,24.9
"Tragopogon porrifolius L.",24.9,2,23.2,2.2
"Medicago intertexta (L.) Mill.",24.8,3,21.2,2.2
"Sison amomum L.",23.9,2,22.4,2
"Malva nicaeensis All.",23.6,1,23.6,23.6
"Bromopsis benekenii (Lange) Holub",23.2,1,23.2,23.2
"Cerastium glutinosum Fr.",23.2,1,23.2,23.2
"Erodium acaule (L.) Bech. & Thell.",23.2,1,23.2,23.2
"Galeopsis ladanum L.",23.2,1,23.2,23.2
"Genista tinctoria L.",23.2,1,23.2,23.2
"Hyoseris radiata L.",23.2,1,23.2,23.2
"Onobrychis viciifolia Scop.",23.2,1,23.2,23.2
"Trifolium ochroleucon Huds.",23.2,1,23.2,23.2
"Trigonella smallii Coulot & Rabaute",23.2,1,23.2,23.2
"Crithmum maritimum L.",22.4,1,22.4,22.4
"Tolpis virgata (Desf.) Bertol. subsp. virgata",22.4,1,22.4,22.4
"Solidago canadensis L.",22.3,1,22.3,22.3
"Micromeria juliana (L.) Benth. ex Rchb.",20.2,2,11.7,9.7
"Anogramma leptophylla (L.) Link",20.1,1,20.1,20.1
"Asperula laevigata L.",19.8,1,19.8,19.8
"Lythrum tribracteatum Spreng.",19.8,2,17.8,2.5
"Veronica peregrina L.",19.8,1,19.8,19.8
"Celtis australis L. subsp. australis",18.8,2,16.7,2.5
"Linaria vulgaris Mill. subsp. vulgaris",18.1,2,17.8,0.4
"Pallenis spinosa (L.) Cass. subsp. spinosa",18.1,2,17.8,0.4
"Bromus arvensis L. s.l.",17.8,1,17.8,17.8
"Carlina lanata L.",17.8,1,17.8,17.8
"Catabrosa aquatica (L.) P.Beauv.",17.8,1,17.8,17.8
"Cirsium oleraceum (L.) Scop.",17.8,1,17.8,17.8
"Convolvulus silvaticus Kit.",17.8,1,17.8,17.8
"Crepis neglecta L.",17.8,1,17.8,17.8
"Crepis pulchra L. subsp. pulchra",17.8,1,17.8,17.8
"Cyclospermum leptophyllum (Pers.) Sprague ex Britton & P.Wilson",17.8,1,17.8,17.8
"Cymbalaria muralis G.Gaertn., B.Mey. & Scherb. subsp. muralis",17.8,1,17.8,17.8
"Cytisus scoparius (L.) Link subsp. scoparius",17.8,1,17.8,17.8
"Damasonium alisma Mill.",17.8,1,17.8,17.8
"Festuca geniculata (L.) Lag. & Rodr. subsp. geniculata",17.8,1,17.8,17.8
"Filipendula vulgaris Moench",17.8,1,17.8,17.8
"Galeopsis angustifolia Hoffm. subsp. angustifolia",17.8,1,17.8,17.8
"Geropogon hybridus (L.) Sch.Bip.",17.8,1,17.8,17.8
"Koeleria splendens C.Presl",17.8,1,17.8,17.8
"Lysimachia punctata L.",17.8,1,17.8,17.8
"Medicago scutellata (L.) Mill.",17.8,1,17.8,17.8
"Myosotis ramosissima Rochel subsp. ramosissima",17.8,1,17.8,17.8
"Podospermum laciniatum (L.) DC. subsp. laciniatum",17.8,1,17.8,17.8
"Sparganium emersum Rehmann",17.8,1,17.8,17.8
"Sphenopus divaricatus (Gouan) Rchb.",17.8,1,17.8,17.8
"Tanacetum parthenium (L.) Sch.Bip.",17.8,1,17.8,17.8
"Trifolium squarrosum L.",17.8,1,17.8,17.8
"Trisetaria segetum (Savi) Soldano",17.8,1,17.8,17.8
"Urospermum dalechampii (L.) F.W.Schmidt",17.8,1,17.8,17.8
"Veronica prostrata L.",17.8,1,17.8,17.8
"Viburnum opulus L.",17.8,1,17.8,17.8
"Vicia bithynica (L.) L.",17.8,1,17.8,17.8
"Ajuga chamaepitys (L.) Schreb. subsp. chamaepitys",15.6,2,13.6,2.2
"Trifolium echinatum M.Bieb.",14.7,3,10.7,2.2
"Theligonum cynocrambe L.",13.7,2,11.7,2.2
"Glebionis segetum (L.) Fourr.",12.8,2,10.8,2.2
"Lactuca saligna L.",12.8,2,10.8,2.2
"Galactites tomentosus Moench",12.6,2,10.6,2.2
"Salix alba L.",12.6,2,10.6,2.2
"Scrophularia peregrina L.",12.6,2,10.6,2.2
"Hibiscus pentacarpos L.",11.9,1,11.9,11.9
"Tulipa agenensis DC.",11.8,1,11.8,11.8
"Allium roseum L. subsp. roseum",10.6,1,10.6,10.6
"Linaria pelisseriana (L.) Mill.",10.6,1,10.6,10.6
"Centaurea deusta Ten.",10.5,1,10.5,10.5
"Mespilus germanica L.",10.5,1,10.5,10.5
"Salvia nemorosa L. subsp. nemorosa",10.5,1,10.5,10.5
"Salvia verticillata L. subsp. verticillata",10.5,1,10.5,10.5
"Solidago gigantea Aiton",10.5,1,10.5,10.5
"Laburnum anagyroides Medik. subsp. anagyroides",9.8,1,9.8,9.8
"Bellis sylvestris Cirillo",9.7,1,9.7,9.7
"Convolvulus cantabrica L.",9.7,1,9.7,9.7
"Melica minuta L. subsp. minuta",9.7,1,9.7,9.7
"Sesleria argentea (Savi) Savi",9.7,1,9.7,9.7
"Torilis africana Spreng.",9.7,1,9.7,9.7
"Cyperus eragrostis Lam.",8.5,3,2.9,2.9
"Selaginella denticulata (L.) Spring",8.1,1,8.1,8.1
"Asplenium scolopendrium L. subsp. scolopendrium",7.4,1,7.4,7.4
"Phleum paniculatum Huds. subsp. paniculatum",5.6,2,3.5,2.2
"Capparis spinosa L. subsp. rupestris (Sm.) Nyman",5.1,2,2.9,2.2
"Lolium multiflorum Lam.",4.4,2,2.2,2.2
"Sonchus tenerrimus L.",4.4,2,2.2,2.2
"Vicia lutea L.",4.4,2,2.3,2.2
"Erigeron bonariensis L.",3.4,2,2.2,1.2
"Valerianella dentata (L.) Pollich",3.3,2,2.2,1.1
"Arctium tomentosum Mill.",2.9,1,2.9,2.9
"Narcissus tazetta L. subsp. aureus (Loisel.) Baker",2.9,1,2.9,2.9
"Vicia pannonica Crantz subsp. striata (M.Bieb.) Nyman",2.8,1,2.8,2.8
"Sempervivum tectorum L.",2.7,1,2.7,2.7
"Alyssum simplex Rudolphi",2.5,1,2.5,2.5
"Amaranthus cruentus L.",2.5,1,2.5,2.5
"Echinochloa oryzoides (Ard.) Fritsch",2.5,1,2.5,2.5
"Euphorbia humifusa Willd. ex Schltr.",2.5,1,2.5,2.5
"Euphorbia prostrata Aiton",2.5,1,2.5,2.5
"Medicago monspeliaca (L.) Trautv.",2.5,1,2.5,2.5
"Phalaris aquatica L.",2.5,1,2.5,2.5
"Symphytum tuberosum L. subsp. angustifolium (A.Kern.) Nyman",2.5,1,2.5,2.5
"Trifolium diffusum Ehrh.",2.5,1,2.5,2.5
"Trifolium hybridum L. subsp. elegans (Savi) Asch. & Graebn.",2.5,1,2.5,2.5
"Valerianella coronata (L.) DC.",2.5,1,2.5,2.5
"Asplenium ceterach L. subsp. ceterach",2.3,1,2.3,2.3
"Asplenium ruta-muraria L. subsp. ruta-muraria",2.3,1,2.3,2.3
"Solanum villosum Mill.",2.3,1,2.3,2.3
"Achillea millefolium L. subsp. millefolium",2.2,1,2.2,2.2
"Aegopodium podagraria L.",2.2,1,2.2,2.2
"Agrostis capillaris L. subsp. capillaris",2.2,1,2.2,2.2
"Allium neapolitanum Cirillo",2.2,1,2.2,2.2
"Allium nigrum L.",2.2,1,2.2,2.2
"Allium polyanthum Schult. & Schult.f.",2.2,1,2.2,2.2
"Althaea cannabina L.",2.2,1,2.2,2.2
"Ammi majus L.",2.2,1,2.2,2.2
"Aphanes arvensis L.",2.2,1,2.2,2.2
"Artemisia vulgaris L.",2.2,1,2.2,2.2
"Asperula arvensis L.",2.2,1,2.2,2.2
"Asphodelus fistulosus L.",2.2,1,2.2,2.2
"Astragalus hamosus L.",2.2,1,2.2,2.2
"Atriplex patula L.",2.2,1,2.2,2.2
"Beta vulgaris L. subsp. vulgaris",2.2,1,2.2,2.2
"Bifora testiculata (L.) Spreng.",2.2,1,2.2,2.2
"Brassica nigra (L.) W.D.J.Koch",2.2,1,2.2,2.2
"Bromus squarrosus L. subsp. squarrosus",2.2,1,2.2,2.2
"Buglossoides arvensis (L.) I.M.Johnst. subsp. arvensis",2.2,1,2.2,2.2
"Bupleurum subovatum Link ex Spreng.",2.2,1,2.2,2.2
"Calendula arvensis (Vaill.) L.",2.2,1,2.2,2.2
"Callitriche brutia Petagna",2.2,1,2.2,2.2
"Callitriche palustris L.",2.2,1,2.2,2.2
"Campanula erinus L.",2.2,1,2.2,2.2
"Carduus nutans L. subsp. nutans",2.2,1,2.2,2.2
"Carthamus lanatus L.",2.2,1,2.2,2.2
"Centaurea cyanus L.",2.2,1,2.2,2.2
"Centaurea solstitialis L. subsp. solstitialis",2.2,1,2.2,2.2
"Centranthus ruber (L.) DC. subsp. ruber",2.2,1,2.2,2.2
"Cephalaria transsylvanica (L.) Roem. & Schult.",2.2,1,2.2,2.2
"Chenopodiastrum hybridum (L.) S.Fuentes, Uotila & Borsch",2.2,1,2.2,2.2
"Chenopodium album L. subsp. album",2.2,1,2.2,2.2
"Chenopodium opulifolium Schrad. ex W.D.J.Koch & Ziz",2.2,1,2.2,2.2
"Chenopodium vulvaria L.",2.2,1,2.2,2.2
"Chondrilla juncea L.",2.2,1,2.2,2.2
"Cichorium intybus L.",2.2,1,2.2,2.2
"Colchicum autumnale L. subsp. autumnale",2.2,1,2.2,2.2
"Conium maculatum L. subsp. maculatum",2.2,1,2.2,2.2
"Convolvulus arvensis L.",2.2,1,2.2,2.2
"Coronilla scorpioides (L.) W.D.J.Koch",2.2,1,2.2,2.2
"Cota altissima (L.) J.Gay",2.2,1,2.2,2.2
"Cruciata laevipes Opiz",2.2,1,2.2,2.2
"Cynara cardunculus L. subsp. cardunculus",2.2,1,2.2,2.2
"Cynosurus cristatus L.",2.2,1,2.2,2.2
"Digitaria sanguinalis (L.) Scop.",2.2,1,2.2,2.2
"Dittrichia graveolens (L.) Greuter",2.2,1,2.2,2.2
"Dysphania botrys (L.) Mosyakin & Clemants",2.2,1,2.2,2.2
"Echium vulgare L. subsp. vulgare",2.2,1,2.2,2.2
"Elymus caninus (L.) L.",2.2,1,2.2,2.2
"Eragrostis cilianensis (All.) Vignolo ex Janch. subsp. cilianensis",2.2,1,2.2,2.2
"Eragrostis pilosa (L.) P.Beauv. subsp. pilosa",2.2,1,2.2,2.2
"Ervilia sativa Link",2.2,1,2.2,2.2
"Eryngium campestre L.",2.2,1,2.2,2.2
"Erysimum cheiri (L.) Crantz",2.2,1,2.2,2.2
"Euphorbia chamaesyce L.",2.2,1,2.2,2.2
"Euphorbia exigua L. subsp. exigua",2.2,1,2.2,2.2
"Euphorbia falcata L. subsp. falcata",2.2,1,2.2,2.2
"Euphorbia lathyris L.",2.2,1,2.2,2.2
"Foeniculum vulgare Mill. subsp. vulgare",2.2,1,2.2,2.2
"Galium mollugo L.",2.2,1,2.2,2.2
"Gladiolus italicus Mill.",2.2,1,2.2,2.2
"Glyceria maxima (Hartm.) Holmb. subsp. maxima",2.2,1,2.2,2.2
"Heliotropium europaeum L.",2.2,1,2.2,2.2
"Herniaria hirsuta L. subsp. hirsuta",2.2,1,2.2,2.2
"Hyoscyamus niger L.",2.2,1,2.2,2.2
"Jacobaea erucifolia (L.) P.Gaertn., B.Mey & Scherb. subsp. erucifolia",2.2,1,2.2,2.2
"Kickxia elatine (L.) Dumort. subsp. elatine",2.2,1,2.2,2.2
"Knautia integrifolia (L.) Bertol. subsp. integrifolia",2.2,1,2.2,2.2
"Lamium album L. subsp. album",2.2,1,2.2,2.2
"Lamium amplexicaule L.",2.2,1,2.2,2.2
"Lamium purpureum L.",2.2,1,2.2,2.2
"Lappula squarrosa (Retz.) Dumort.",2.2,1,2.2,2.2
"Lathyrus sativus L.",2.2,1,2.2,2.2
"Leontodon rosanoi (Ten.) DC.",2.2,1,2.2,2.2
"Leontodon tuberosus L.",2.2,1,2.2,2.2
"Lithospermum officinale L.",2.2,1,2.2,2.2
"Lolium temulentum L.",2.2,1,2.2,2.2
"Matricaria chamomilla L.",2.2,1,2.2,2.2
"Medicago lupulina L.",2.2,1,2.2,2.2
"Medicago murex Willd.",2.2,1,2.2,2.2
"Medicago orbicularis (L.) Bartal.",2.2,1,2.2,2.2
"Medicago polymorpha L.",2.2,1,2.2,2.2
"Melampyrum arvense L. subsp. arvense",2.2,1,2.2,2.2
"Melica ciliata L. subsp. ciliata",2.2,1,2.2,2.2
"Mentha pulegium L. subsp. pulegium",2.2,1,2.2,2.2
"Mercurialis annua L.",2.2,1,2.2,2.2
"Misopates orontium (L.) Raf.",2.2,1,2.2,2.2
"Moehringia pentandra Gay",2.2,1,2.2,2.2
"Muscari botryoides (L.) Mill. subsp. botryoides",2.2,1,2.2,2.2
"Narcissus tazetta L. subsp. tazetta",2.2,1,2.2,2.2
"Onopordum acanthium L. subsp. acanthium",2.2,1,2.2,2.2
"Ophrys funerea Viv.",2.2,1,2.2,2.2
"Orlaya platycarpos W.D.J.Koch",2.2,1,2.2,2.2
"Ornithogalum divergens Boreau",2.2,1,2.2,2.2
"Orobanche crenata Forssk.",2.2,1,2.2,2.2
"Parietaria officinalis L.",2.2,1,2.2,2.2
"Persicaria hydropiper (L.) Delarbre",2.2,1,2.2,2.2
"Petasites hybridus (L.) G.Gaertn., B.Mey. & Scherb. subsp. hybridus",2.2,1,2.2,2.2
"Petrosedum rupestre (L.) P.V.Heath",2.2,1,2.2,2.2
"Phagnalon sordidum (L.) Rchb.",2.2,1,2.2,2.2
"Phelipanche ramosa (L.) Pomel",2.2,1,2.2,2.2
"Phleum pratense L. subsp. pratense",2.2,1,2.2,2.2
"Picnomon acarna (L.) Cass.",2.2,1,2.2,2.2
"Pimpinella peregrina L.",2.2,1,2.2,2.2
"Poa compressa L.",2.2,1,2.2,2.2
"Rosa canina L.",2.2,1,2.2,2.2
"Rumex pulcher L. subsp. pulcher",2.2,1,2.2,2.2
"Salix purpurea L. subsp. purpurea",2.2,1,2.2,2.2
"Salix triandra L. subsp. triandra",2.2,1,2.2,2.2
"Salvia pratensis L. subsp. pratensis",2.2,1,2.2,2.2
"Scorpiurus subvillosus L.",2.2,1,2.2,2.2
"Scrophularia umbrosa Dumort. subsp. umbrosa",2.2,1,2.2,2.2
"Securigera varia (L.) Lassen",2.2,1,2.2,2.2
"Sedum album L. subsp. album",2.2,1,2.2,2.2
"Sedum dasyphyllum L. subsp. dasyphyllum",2.2,1,2.2,2.2
"Serapias cordigera L. subsp. cordigera",2.2,1,2.2,2.2
"Serratula tinctoria L. subsp. tinctoria",2.2,1,2.2,2.2
"Sixalix atropurpurea (L.) Greuter & Burdet",2.2,1,2.2,2.2
"Sonchus oleraceus L.",2.2,1,2.2,2.2
"Stachys romana (L.) E.H.L.Krause",2.2,1,2.2,2.2
"Thymelaea passerina (L.) Coss. & Germ.",2.2,1,2.2,2.2
"Tordylium maximum L.",2.2,1,2.2,2.2
"Torilis nodosa (L.) Gaertn. subsp. nodosa",2.2,1,2.2,2.2
"Trifolium repens L.",2.2,1,2.2,2.2
"Trigonella italica (L.) Coulot & Rabaute",2.2,1,2.2,2.2
"Trigonella officinalis (L.) Coulot & Rabaute",2.2,1,2.2,2.2
"Turgenia latifolia (L.) Hoffm.",2.2,1,2.2,2.2
"Tussilago farfara L.",2.2,1,2.2,2.2
"Valerianella echinata (L.) DC.",2.2,1,2.2,2.2
"Veronica cymbalaria Bodard subsp. cymbalaria",2.2,1,2.2,2.2
"Veronica hederifolia L.",2.2,1,2.2,2.2
"Veronica polita Fr.",2.2,1,2.2,2.2
"Wolffia arrhiza (L.) Horkel ex Wimm.",2.2,1,2.2,2.2
"Zannichellia palustris L.",2.2,1,2.2,2.2
"Ziziphora capitata L. subsp. capitata",2.2,1,2.2,2.2
"Galinsoga parviflora Cav.",1.4,1,1.4,1.4
"Oenothera fallacoides Soldano & Rostanski",1.3,1,1.3,1.3
"Arisarum vulgare O.Targ.Tozz. subsp. vulgare",1.1,1,1.1,1.1
"Erodium alnifolium Guss.",1.1,2,1.1,0
"Mentha longifolia (L.) L.",1,1,1,1
"Cirsium monspessulanum (L.) Hill",0.5,1,0.5,0.5
"Cytisus laniger DC.",0.5,1,0.5,0.5
"Daucus broteroi Ten.",0.5,1,0.5,0.5
"Glebionis coronaria (L.) Spach",0.5,1,0.5,0.5
"Primula vulgaris Huds. subsp. vulgaris",0.5,1,0.5,0.5
"Adiantum capillus-veneris L.",0.4,1,0.4,0.4
"Carthamus caeruleus L.",0.4,1,0.4,0.4
"Juncus acutiflorus Ehrh. ex Hoffm.",0.3,1,0.3,0.3
